System,Complexity,NDCG@10,Recall@10,Query,Answer
vector_only,Complex,1.0,1.0,"According to the KUKA Sunrise Cabinet Med manual, ...",
fixed_rrf,Complex,1.0,1.0,"According to the KUKA Sunrise Cabinet Med manual, ...",
adaptive_fixed,Complex,1.0,1.0,"According to the KUKA Sunrise Cabinet Med manual, ...",
qalf,Complex,1.0,1.0,"According to the KUKA Sunrise Cabinet Med manual, ...","I can't answer that question as it appears to be unrelated to the provided context. The context includes documents about text classification, entity linking, and machine learning, but does not mention the KUKA Sunrise Cabinet Med manual or any manipulators. If you'd like to ask a question based on the provided context, I'd be happy to help."
qalf_learned_routing,Complex,1.0,1.0,"According to the KUKA Sunrise Cabinet Med manual, ...","I don't have enough information to answer the question. The provided context does not mention the KUKA Sunrise Cabinet Med manual or any information about manipulators and stop categories. The context appears to be related to natural language processing and text classification, but it does not contain any relevant information about the KUKA Sunrise Cabinet Med manual."
vector_only,Simple,0.6309297535714575,1.0,What happens during a Stop category 0 according to...,
fixed_rrf,Simple,1.0,1.0,What happens during a Stop category 0 according to...,
adaptive_fixed,Simple,0.6309297535714575,1.0,What happens during a Stop category 0 according to...,
qalf,Simple,0.6309297535714575,1.0,What happens during a Stop category 0 according to...,"There is no mention of the KUKA manual or a Stop category 0 in the provided context. The context appears to be related to natural language processing and machine learning models, specifically the KGLM (Knowledge Graph Language Model) and other systems."
qalf_learned_routing,Simple,1.0,1.0,What happens during a Stop category 0 according to...,"There is no mention of the KUKA manual or a Stop category 0 in the provided context. The context appears to be related to natural language processing and machine learning models, specifically the KGLM and NKLM models, as well as various classification systems and their preprocessing techniques."
vector_only,Complex,1.0,1.0,In Stop category 1 (path-maintaining) triggered by...,
fixed_rrf,Complex,1.0,1.0,In Stop category 1 (path-maintaining) triggered by...,
adaptive_fixed,Complex,1.0,1.0,In Stop category 1 (path-maintaining) triggered by...,
qalf,Complex,1.0,1.0,In Stop category 1 (path-maintaining) triggered by...,"I don't see any information about the Stop category 1 or the safety controller in the provided context. The context appears to be about a knowledge graph-based language model (KGLM) and its process for generating entity tokens. There is no mention of brakes, drives, or a safety controller.

Since the context doesn't contain enough information to answer the question, I'm unable to provide a detailed answer."
qalf_learned_routing,Complex,1.0,1.0,In Stop category 1 (path-maintaining) triggered by...,"There is no information provided in the context about the Stop category 1 (path-maintaining) triggered by the safety controller, or the requirement for brakes to be applied and drives to be switched off. The context appears to be about a knowledge graph-based language model (KGLM) and its process for generating entity tokens, but it does not mention any safety controller or vehicle-related tasks.

Therefore, I must say that the context does not contain enough information to answer the question."
vector_only,Simple,1.0,1.0,Who does the KUKA manual define as a 'system integ...,
fixed_rrf,Simple,1.0,1.0,Who does the KUKA manual define as a 'system integ...,
adaptive_fixed,Simple,1.0,1.0,Who does the KUKA manual define as a 'system integ...,
qalf,Simple,1.0,1.0,Who does the KUKA manual define as a 'system integ...,"There is no mention of the KUKA manual or the LBR Med in the provided context. The context appears to be about various natural language processing models and their characteristics, such as the NKLM, KGLM, and bidirectional LSTM. Therefore, I am unable to provide a detailed answer to the question."
qalf_learned_routing,Simple,1.0,1.0,Who does the KUKA manual define as a 'system integ...,"The context does not mention the KUKA manual or the LBR Med. The provided context appears to be about various systems and models, including NKLM, KGLM, and bhanodaig, but does not contain information about the KUKA manual or the LBR Med.

Since the context does not contain enough information to answer the question, I must say so."
vector_only,Complex,1.0,1.0,How far away from stairs should the Roomba s9's Ho...,
fixed_rrf,Complex,1.0,1.0,How far away from stairs should the Roomba s9's Ho...,
adaptive_fixed,Complex,1.0,1.0,How far away from stairs should the Roomba s9's Ho...,
qalf,Complex,1.0,1.0,How far away from stairs should the Roomba s9's Ho...,"I don't have enough information in the provided context to answer the question about the Roomba s9's Home Base charging station placement. The context appears to be related to academic papers and their sections, but it does not mention the Roomba s9 or its owner's guide."
qalf_learned_routing,Complex,1.0,1.0,How far away from stairs should the Roomba s9's Ho...,"I don't have enough information in the provided context to answer the question about the Roomba s9's Home Base charging station placement. The context appears to be related to research papers on natural language processing and machine learning, and does not mention the Roomba or its charging station."
vector_only,Complex,1.0,1.0,"Per the Roomba s9 guide's maintenance table, how o...",
fixed_rrf,Complex,1.0,1.0,"Per the Roomba s9 guide's maintenance table, how o...",
adaptive_fixed,Complex,1.0,1.0,"Per the Roomba s9 guide's maintenance table, how o...",
qalf,Complex,1.0,1.0,"Per the Roomba s9 guide's maintenance table, how o...","There is no context related to the Roomba s9 guide's maintenance table. The provided context consists of two documents, P19-1598.pdf and W18-4401.pdf, which discuss language models and task setups, but do not mention the Roomba s9 guide or its maintenance table.

Therefore, I am unable to provide an answer to the question."
qalf_learned_routing,Complex,1.0,1.0,"Per the Roomba s9 guide's maintenance table, how o...","I don't have enough information to answer your question. The provided context does not mention the Roomba s9 guide's maintenance table or any information related to cleaning or replacing the Filter. The context appears to be about language models, RNNs, LSTMs, and other AI-related topics."
vector_only,Complex,1.0,1.0,"According to the Roomba s9 owner's guide, what sho...",
fixed_rrf,Complex,1.0,1.0,"According to the Roomba s9 owner's guide, what sho...",
adaptive_fixed,Complex,1.0,1.0,"According to the Roomba s9 owner's guide, what sho...",
qalf,Complex,1.0,1.0,"According to the Roomba s9 owner's guide, what sho...",There is no context related to the Roomba s9 owner's guide or shipping instructions. The provided context appears to be about a research paper discussing a Generative KG Language Model (KGLM) and a shared task setup. I do not have the relevant information to answer your question.
qalf_learned_routing,Complex,1.0,1.0,"According to the Roomba s9 owner's guide, what sho...","I don't see any information related to the Roomba s9 owner's guide in the provided context. The context appears to be about a research paper discussing a generative KG language model and a shared task setup. There is no mention of the Roomba s9 or shipping instructions.

If you could provide the relevant context or the actual owner's guide, I would be happy to assist you with your question."
vector_only,Simple,1.0,1.0,What does the Roomba s9 guide say about using unau...,
fixed_rrf,Simple,1.0,1.0,What does the Roomba s9 guide say about using unau...,
adaptive_fixed,Simple,1.0,1.0,What does the Roomba s9 guide say about using unau...,
qalf,Simple,1.0,1.0,What does the Roomba s9 guide say about using unau...,"I don't see any information about the Roomba s9 guide or unauthorized chargers in the provided context. The context appears to be related to natural language processing and text classification systems, but it does not mention the Roomba s9 guide or any related topics."
qalf_learned_routing,Simple,1.0,1.0,What does the Roomba s9 guide say about using unau...,"I don't see any information about the Roomba s9 guide or using unauthorized chargers in the provided context. The context appears to be related to a research paper on natural language processing and sentiment analysis, specifically about systems submitted to a task. There is no mention of the Roomba s9 guide or any related information.

If you could provide more context or clarify the question, I'll do my best to assist you."
vector_only,Simple,1.0,1.0,What minimum age is specified in the Roomba s9 gui...,
fixed_rrf,Simple,1.0,1.0,What minimum age is specified in the Roomba s9 gui...,
adaptive_fixed,Simple,1.0,1.0,What minimum age is specified in the Roomba s9 gui...,
qalf,Simple,1.0,1.0,What minimum age is specified in the Roomba s9 gui...,"I don't see any information about the Roomba s9 guide or its specifications for children's use in the provided context. The context appears to be related to academic papers (P19-1598 and W18-4401) discussing various topics, but none of them seem to be about the Roomba s9 guide.

I'm unable to provide a detailed answer based on the provided context."
qalf_learned_routing,Simple,1.0,1.0,What minimum age is specified in the Roomba s9 gui...,"I don't see any information about the Roomba s9 guide or its specifications for children's use in the provided context. The context appears to be about documents and papers, but it doesn't mention the Roomba s9 guide or any related information.

I'm unable to provide a detailed answer based on the provided context."
vector_only,Complex,1.0,1.0,"According to the SICK white paper, what is the dif...",
fixed_rrf,Complex,1.0,1.0,"According to the SICK white paper, what is the dif...",
adaptive_fixed,Complex,1.0,1.0,"According to the SICK white paper, what is the dif...",
qalf,Complex,1.0,1.0,"According to the SICK white paper, what is the dif...","I'm unable to answer the question as the context provided does not mention the SICK white paper or the terms ""cooperative"" and ""collaborative"" in the context of human-robot applications. The provided context appears to be related to natural language processing, knowledge graph language models, and a shared task on text classification and sentiment analysis."
qalf_learned_routing,Complex,1.0,1.0,"According to the SICK white paper, what is the dif...","I'm unable to answer the question as it is not present in the provided context. The context includes information about various documents, tables, and text, but it does not mention the SICK white paper or the terms ""cooperative"" and ""collaborative"" human-robot application."
vector_only,Complex,1.0,1.0,What four collaborative operating modes does ISO/T...,
fixed_rrf,Complex,1.0,1.0,What four collaborative operating modes does ISO/T...,
adaptive_fixed,Complex,1.0,1.0,What four collaborative operating modes does ISO/T...,
qalf,Complex,1.0,1.0,What four collaborative operating modes does ISO/T...,"I couldn't find any information about ISO/TS 15066 or its definition of collaborative operating modes in the provided context. The context appears to be related to natural language processing and machine learning, and does not mention collaborative robots or ISO/TS 15066."
qalf_learned_routing,Complex,1.0,1.0,What four collaborative operating modes does ISO/T...,"I'm unable to answer the question as the provided context does not mention ISO/TS 15066 or collaborative robots. The context appears to be related to natural language processing and machine learning, discussing various papers and datasets."
vector_only,Complex,1.0,1.0,Which two ISO standards does the white paper ident...,
fixed_rrf,Complex,0.6309297535714575,1.0,Which two ISO standards does the white paper ident...,
adaptive_fixed,Complex,0.6309297535714575,1.0,Which two ISO standards does the white paper ident...,
qalf,Complex,0.6309297535714575,1.0,Which two ISO standards does the white paper ident...,"I'm unable to answer the question as the provided context does not mention the white paper, ISO standards, or industrial robot safety. The context appears to be related to natural language processing and machine learning, discussing datasets, models, and a shared task."
qalf_learned_routing,Complex,0.6309297535714575,1.0,Which two ISO standards does the white paper ident...,"I'm unable to answer your question as it is unrelated to the provided context. The context appears to be about a research paper discussing a dataset and a shared task, but it does not mention ISO standards or industrial robot safety. If you can provide more context or clarify the question, I'll be happy to help."
vector_only,Complex,1.0,1.0,"According to the white paper, what two categories ...",
fixed_rrf,Complex,1.0,1.0,"According to the white paper, what two categories ...",
adaptive_fixed,Complex,1.0,1.0,"According to the white paper, what two categories ...",
qalf,Complex,1.0,1.0,"According to the white paper, what two categories ...","There is no information in the provided context about white papers or measures to reduce risk in collaborative robot applications. The context appears to be related to natural language processing and machine learning, specifically discussing various models and metrics for evaluating language models.

However, I can provide information on the metrics used in the context, such as perplexity and unknown penalized perplexity (UPP). 

Perplexity is a measure of how well a language model predicts the next word in a sequence, and UPP is a variant of perplexity that penalizes the probability of unknown tokens.

If you have any further questions or would like me to clarify any of the information in the context, please let me know."
qalf_learned_routing,Complex,1.0,1.0,"According to the white paper, what two categories ...","There is no mention of a white paper in the provided context. The context only includes documents related to a shared task, its participants, and the evaluation process. There is no information about collaborative robot applications or measures to reduce risk in such applications."
vector_only,Complex,1.0,1.0,Does having a robot manufacturer's inherently safe...,
fixed_rrf,Complex,1.0,1.0,Does having a robot manufacturer's inherently safe...,
adaptive_fixed,Complex,1.0,1.0,Does having a robot manufacturer's inherently safe...,
qalf,Complex,1.0,1.0,Does having a robot manufacturer's inherently safe...,"There is no context provided that relates to robot manufacturers, safe design features, or system integrators. The provided context discusses language models, their limitations, and performance on specific tasks, as well as the performance of systems in an aggression identification task. Since there is no relevant information, I cannot provide an answer to the question."
qalf_learned_routing,Complex,1.0,1.0,Does having a robot manufacturer's inherently safe...,"There is no context related to robot manufacturers, safe design features, or system integrators in the provided documents. The documents appear to be related to language models, text generation, and aggression identification tasks. Therefore, I must say that the context does not contain enough information to answer the question."
vector_only,Complex,1.0,1.0,What safety-related control system performance lev...,
fixed_rrf,Complex,1.0,1.0,What safety-related control system performance lev...,
adaptive_fixed,Complex,1.0,1.0,What safety-related control system performance lev...,
qalf,Complex,1.0,1.0,What safety-related control system performance lev...,"There is no mention of a white paper or safety-related control system performance level in the provided context. The context includes documents about a shared task, model evaluation, and perplexity metric, but does not mention control systems or performance levels."
qalf_learned_routing,Complex,1.0,1.0,What safety-related control system performance lev...,"There is no mention of a white paper or safety-related control system performance level in the provided context. The context only discusses a shared task, model evaluation, and participant registration for a language translation task."
vector_only,Simple,1.0,1.0,What is Spot's 'smart freeze' behavior?...,
fixed_rrf,Simple,1.0,1.0,What is Spot's 'smart freeze' behavior?...,
adaptive_fixed,Simple,1.0,1.0,What is Spot's 'smart freeze' behavior?...,
qalf,Simple,1.0,1.0,What is Spot's 'smart freeze' behavior?...,"I'm happy to help, but I must inform you that the context provided does not mention ""Spot"" or its ""smart freeze"" behavior. The context appears to be related to a research paper about a knowledge graph-based language model (KGLM) and its application to generating entity tokens.

Since there is no mention of ""Spot"" or its behavior, I'm unable to provide a detailed answer to your question. If you could provide more context or clarify the question, I'll be happy to assist you further.

However, I can tell you that the context does mention a system called ""bhanodaig"" that uses a bidirectional LSTM in its architecture [Source: data/raw/DocBench\1\W18-4401.pdf, Chunk 34, Page 1]."
qalf_learned_routing,Simple,1.0,1.0,What is Spot's 'smart freeze' behavior?...,"I couldn't find any information about Spot's 'smart freeze' behavior in the provided context. The documents appear to be related to natural language processing, knowledge graphs, and text generation, but they do not mention Spot or its 'smart freeze' behavior.

Context does not contain enough information to answer the question."
vector_only,Complex,1.0,1.0,What stop category and standard does Spot's safety...,
fixed_rrf,Complex,1.0,1.0,What stop category and standard does Spot's safety...,
adaptive_fixed,Complex,1.0,1.0,What stop category and standard does Spot's safety...,
qalf,Complex,1.0,1.0,What stop category and standard does Spot's safety...,"I'm afraid I have some bad news. The context provided does not mention ""Spot"" or any safety-related stops. The documents appear to be related to natural language processing and machine learning, discussing metrics such as perplexity and unknown penalized perplexity, as well as various systems and their architectures for tasks like multi-class classification and aggression identification.

I couldn't find any information on a system or model called ""Spot"" or any mention of a safety-related stop. Therefore, I must conclude that the question cannot be answered based on the provided context.

If you'd like to provide more context or clarify the question, I'd be happy to try and assist you further."
qalf_learned_routing,Complex,1.0,1.0,What stop category and standard does Spot's safety...,"I'm afraid I have some bad news. The context provided does not mention ""Spot"" or any safety-related stops. The documents appear to be related to natural language processing and machine learning, discussing perplexity metrics, language models, and classification systems.

There is no information about a system or model called ""Spot"" or its safety-related stops. The context only mentions various classification systems and their architectures, but no specific system or model by the name of ""Spot"".

Therefore, I must say that the context does not contain enough information to answer the question."
vector_only,Complex,1.0,1.0,"According to Spot's Instructions for Use, what hap...",
fixed_rrf,Complex,1.0,1.0,"According to Spot's Instructions for Use, what hap...",
adaptive_fixed,Complex,1.0,1.0,"According to Spot's Instructions for Use, what hap...",
qalf,Complex,1.0,1.0,"According to Spot's Instructions for Use, what hap...","There is no information about Spot's Instructions for Use in the provided context. The context appears to be about a research paper discussing various models, including KGLM, and their training and evaluation procedures. There is no mention of Spot or its instructions for use.

If you would like to provide more context or clarify the question, I'd be happy to try and assist you further."
qalf_learned_routing,Complex,1.0,1.0,"According to Spot's Instructions for Use, what hap...","There is no information about Spot's Instructions for Use in the provided context. The context appears to be about a research paper discussing various models, including KGLM, and their performance on certain tasks. There is no mention of Spot or its instructions for use."
vector_only,Simple,1.0,1.0,How can Spot's safety-related stop be triggered ex...,
fixed_rrf,Simple,1.0,1.0,How can Spot's safety-related stop be triggered ex...,
adaptive_fixed,Simple,1.0,1.0,How can Spot's safety-related stop be triggered ex...,
qalf,Simple,1.0,1.0,How can Spot's safety-related stop be triggered ex...,"The context does not mention Spot's safety-related stop or how it can be triggered externally. In fact, the context does not mention ""Spot"" at all. It appears to be a collection of academic papers discussing various topics, including online aggression and knowledge graph-based models. Therefore, I must say that the context does not contain enough information to answer the question."
qalf_learned_routing,Simple,1.0,1.0,How can Spot's safety-related stop be triggered ex...,"There is no information in the provided context about Spot's safety-related stop or how it can be triggered externally. The context appears to be related to natural language processing and online aggression, with no mention of Spot or its safety features. Therefore, I cannot provide a detailed answer to this question."
vector_only,Complex,0.6309297535714575,1.0,What performance level and architecture category a...,
fixed_rrf,Complex,0.6309297535714575,1.0,What performance level and architecture category a...,
adaptive_fixed,Complex,0.6309297535714575,1.0,What performance level and architecture category a...,
qalf,Complex,0.6309297535714575,1.0,What performance level and architecture category a...,"I don't see any information about UR5e safety functions and safety I/O in the provided context. The context appears to be about various systems and their architectures for aggression identification, but it does not mention UR5e safety functions and safety I/O. Therefore, I am unable to provide an answer to the question."
qalf_learned_routing,Complex,0.6309297535714575,1.0,What performance level and architecture category a...,"I don't see any information about UR5e safety functions and safety I/O in the provided context. The context appears to be about various systems (groutar, Shusrut, malaypramanick, UAEMex-UAPT-TAC2, and Unito) and their architectures, but it does not mention UR5e safety functions and safety I/O. 

If you could provide more context or clarify the question, I'll be happy to help."
vector_only,Complex,1.0,1.0,What stop category is initiated if the UR5e robot ...,
fixed_rrf,Complex,1.0,1.0,What stop category is initiated if the UR5e robot ...,
adaptive_fixed,Complex,1.0,1.0,What stop category is initiated if the UR5e robot ...,
qalf,Complex,1.0,1.0,What stop category is initiated if the UR5e robot ...,"I'm afraid I have some bad news. The context provided does not mention the UR5e robot, a cut Emergency Stop wire, or any safety system related to the robot. The context appears to be about text processing, entity recognition, and machine learning models for classification tasks. There is no mention of robotics or safety systems.

Therefore, I must say that I do not have enough information to provide a detailed answer to your question. If you could provide more context or clarify the question, I would be happy to try and assist you further."
qalf_learned_routing,Complex,1.0,1.0,What stop category is initiated if the UR5e robot ...,"I don't have enough information to answer the question about the stop category initiated by the UR5e robot in case of a fault or violation in the safety system. The provided context does not mention the UR5e robot or any safety system related to it. The documents appear to be related to natural language processing and entity linking, and do not contain any information about robotics or safety systems."
vector_only,Complex,0.6309297535714575,1.0,"According to the UR5e manual's danger notes, what ...",
fixed_rrf,Complex,1.0,1.0,"According to the UR5e manual's danger notes, what ...",
adaptive_fixed,Complex,1.0,1.0,"According to the UR5e manual's danger notes, what ...",
qalf,Complex,1.0,1.0,"According to the UR5e manual's danger notes, what ...","I don't have the relevant information to answer the question. The provided context does not mention the UR5e manual or any danger notes related to a 12V signal becoming 24V. The context appears to be about language models and knowledge graphs, and does not contain any information about the UR5e manual or its safety guidelines."
qalf_learned_routing,Complex,1.0,1.0,"According to the UR5e manual's danger notes, what ...","There is no information about the UR5e manual's danger notes or the consequences of a programming error causing a 12V signal to become 24V in the provided context. The context only includes information about language models, knowledge graphs, and systems for Twitter sentiment classification, as well as a discussion about online aggression and abuse. Therefore, I cannot provide a detailed answer to the question."
vector_only,Complex,1.0,1.0,Is the UR5e's end effector (tool/gripper) protecte...,
fixed_rrf,Complex,1.0,1.0,Is the UR5e's end effector (tool/gripper) protecte...,
adaptive_fixed,Complex,1.0,1.0,Is the UR5e's end effector (tool/gripper) protecte...,
qalf,Complex,1.0,1.0,Is the UR5e's end effector (tool/gripper) protecte...,"There is no information about the UR5e's end effector or its safety system in the provided context. The context appears to be related to text processing, entity annotation, and aggression identification in online behavior. There is no mention of robots or safety systems.

However, I can answer questions related to the provided context. If you have a question about the text processing, entity annotation, or aggression identification, I'll be happy to help."
qalf_learned_routing,Complex,1.0,1.0,Is the UR5e's end effector (tool/gripper) protecte...,"I don't have enough information to answer the question about the UR5e's end effector (tool/gripper) protection. The provided context only includes documents related to entity annotations, acknowledgements, and references for a research paper, as well as a description of different systems for aggression identification. There is no mention of the UR5e robot or its safety features."
vector_only,Simple,0.6309297535714575,1.0,What must safety configuration parameters be based...,
fixed_rrf,Simple,0.6309297535714575,1.0,What must safety configuration parameters be based...,
adaptive_fixed,Simple,0.6309297535714575,1.0,What must safety configuration parameters be based...,
qalf,Simple,0.6309297535714575,1.0,What must safety configuration parameters be based...,"There is no mention of the UR5e manual's warning notes or safety configuration parameters in the provided context. The context appears to be related to various systems and their approaches to aggression identification, but it does not contain information about the UR5e manual."
qalf_learned_routing,Simple,0.6309297535714575,1.0,What must safety configuration parameters be based...,"There is no mention of the UR5e manual's warning notes in the provided context. The context appears to be related to various systems and their architectures, but it does not include any information about the UR5e manual or safety configuration parameters."
